provider,domain,title,benefit,conditions,code,code_required,valid_until,valid_until_note,source_url,offer_url,status,fetched_at
HelloFresh,hellofresh.com,Get Free Breakfast for Life + 10 Free Meals on Us,Free Breakfast for Life + 10 Free Meals,"For Life, on first box, One per box with active subscription",,,,Not stated on the official page,https://www.hellofresh.com/eat/coupon-codes-and-promotions,https://www.hellofresh.com/eat/coupon-codes-and-promotions,active,2026-09-23T12:11:11+00:00
Blue Apron,blueapron.com,"A free dozen organic, pasture-raised eggs (code EGGS)","free dozen organic, pasture-raised eggs (code EGGS)",Upcoming order,EGGS,yes,,Not stated on the official page,https://blog.blueapron.com/guides/eggs-your-way-introducing-everyday-essentials,https://blog.blueapron.com/guides/eggs-your-way-introducing-everyday-essentials,active,2026-09-23T12:11:17+00:00
Home Chef,homechef.com,18 Free Meals + Free Shipping on your First Box,18 Free Meals + Free Shipping,On your First Box,,,,Not stated on the official page,https://www.homechef.com/,https://www.homechef.com/,active,2026-09-23T12:11:21+00:00
Home Chef,homechef.com,45% off,45% off,,,,,Not stated on the official page,https://www.homechef.com/,https://www.homechef.com/,active,2026-09-23T12:11:21+00:00
Factor,factor75.com,Get 50% Off + Free Breakfast for 1 Year,50% Off + Free Breakfast for 1 Year,"For 1 Year, first box",,,,Not stated on the official page,https://www.factor75.com/,https://www.factor75.com/,active,2026-09-23T12:11:26+00:00
Factor,factor75.com,20% off your next month' applies to boxes 2-5,20% off,"Applies to boxes 2-5, next month",,,,Not stated on the official page,https://www.factor75.com/,https://www.factor75.com/,active,2026-09-23T12:11:26+00:00
Marley Spoon,marleyspoon.com,Up to 50% Off,Up to 50% Off,,,,,Not stated on the official page,https://marleyspoon.com/offer/black-friday-rtc-50p,https://marleyspoon.com/offer/black-friday-rtc-50p,active,2026-09-23T12:11:35+00:00
Hungryroot,hungryroot.com,40% off your first order plus 1 free item for life,40% off + 1 free item for life,"Your first order, for life, your first box",,,,Not stated on the official page,https://eat.hungryroot.com/2025-save-big,https://eat.hungryroot.com/2025-save-big,active,2026-09-23T12:11:40+00:00
Hungryroot,hungryroot.com,Choose Your Free Gift for Life,Choose Your Free Gift for Life,For Life,,,,Not stated on the official page,https://www.hungryroot.com/limited-time/,https://www.hungryroot.com/limited-time/,active,2026-09-23T12:11:41+00:00
CookUnity,cookunity.com,"Get 50% off your first week of chef-made, ready-to-eat meals",50% off,Your first week,,,,Not stated on the official page,https://www.cookunity.com/lp/cookunity-discount-code,https://www.cookunity.com/lp/cookunity-discount-code,active,2026-09-23T12:11:44+00:00
Thistle,thistle.co,50% Off,50% Off,"Frontline workers get our best sale price, 50% off their first week of Thistle, all year round",,,,Not stated on the official page,https://try.thistle.co/specialty_discounts/,https://try.thistle.co/specialty_discounts/,active,2026-09-23T12:11:48+00:00
Gobble,gobble.com,$120 off across 4 boxes,$120 off,Across 4 boxes,,,,Not stated on the official page,https://www.gobble.com/quickmeals-menu/,https://www.gobble.com/quickmeals-menu/,active,2026-09-23T12:11:52+00:00
Splendid Spoon,splendidspoon.com,GET 10% OFF YOUR FIRST BOX,10% OFF,"YOUR FIRST BOX, your first order",,,,Not stated on the official page,https://splendidspoon.com/,https://splendidspoon.com/,active,2026-09-23T12:12:11+00:00
Daily Harvest,daily-harvest.com,"Spend $100+, get 10% off",10% off,Spend $100+,,,,Not stated on the official page,https://daily-harvest.com/,https://daily-harvest.com/,active,2026-09-23T12:12:15+00:00
Daily Harvest,daily-harvest.com,"Save $100 and get free shipping, with no auto-renewal or ongoing commitment",Save $100 + free shipping,,,,,Not stated on the official page,https://daily-harvest.com/,https://daily-harvest.com/,active,2026-09-23T12:12:15+00:00
Sakara,sakara.com,30% with code RESET30,30% with code RESET30,,RESET30,yes,,Not stated on the official page,https://www.sakara.com/,https://www.sakara.com/,active,2026-09-23T12:12:18+00:00
Sakara,sakara.com,25% off,25% off,,,,,Not stated on the official page,https://www.sakara.com/,https://www.sakara.com/,active,2026-09-23T12:12:18+00:00
Sakara,sakara.com,Up to 15% off,Up to 15% off,,,,,Not stated on the official page,https://www.sakara.com/,https://www.sakara.com/,active,2026-09-23T12:12:18+00:00
Mosaic Foods,mosaicfoods.com,FIRST BOX Sign up to receive 10% off your first order and exclusive access to our best offers,10% off,"FIRST BOX, your first order",,,,Not stated on the official page,https://www.mosaicfoods.com/,https://www.mosaicfoods.com/,active,2026-09-23T12:12:29+00:00
ModifyHealth,modifyhealth.com,NATIONAL SELF-CARE AWARENESS MONTH - 25% OFF YOUR FIRST ORDER + FREE SHIPPING WITH CODE 'THRIVE25',25% OFF + FREE SHIPPING,YOUR FIRST ORDER,THRIVE25,yes,,Not stated on the official page,https://modifyhealth.com/,https://modifyhealth.com/,active,2026-09-23T12:12:33+00:00
Clean Eatz Kitchen,cleaneatzkitchen.com,Up to 20% off,Up to 20% off,,,,,Not stated on the official page,https://www.cleaneatzkitchen.com/,https://www.cleaneatzkitchen.com/,active,2026-09-23T12:12:37+00:00
EveryPlate,everyplate.com,10% off,10% off,"Applies to boxes 2-5, expires 49 days after the voucher is attached to an account at 11:59 PM ET ‘10% off your next month’",,,,Not stated on the official page,https://www.everyplate.com/eat/coupon-codes-and-promotions,https://www.everyplate.com/eat/coupon-codes-and-promotions,active,2026-09-23T12:12:41+00:00
EveryPlate,everyplate.com,Get $2.99/Meal on Your First Box + Free Lunch for a Month on Us!,$2.99/Meal + Free Lunch for a Month,On Your First Box,,,,Not stated on the official page,https://www.everyplate.com/eat/coupon-codes-and-promotions,https://www.everyplate.com/eat/coupon-codes-and-promotions,active,2026-09-23T12:12:41+00:00
EveryPlate,everyplate.com,EveryPlate todayand get $2.99/Meal on Your First Box + 10% Off 1 Month*,$2.99/Meal + 10% Off,"On Your First Box, applies to boxes 2-5, next month, expires 49 days after the voucher is attached to an account at 11:59 PM ET",,,,Not stated on the official page,https://www.everyplate.com/,https://www.everyplate.com/,active,2026-09-23T12:12:42+00:00
Green Chef,greenchef.com,Get 50% Off Your First Box + Free Staub Mixing Bowls with your third box*,50% Off,"Your First Box, applies to boxes 2-9",,,,Not stated on the official page,https://www.greenchef.com/,https://www.greenchef.com/,active,2026-09-23T12:12:45+00:00
Dinnerly,dinnerly.com,Order now and get up to $180 off your first 5 boxes,$180 off,Your first 5 boxes,,,,Not stated on the official page,https://dinnerly.com/,https://dinnerly.com/,active,2026-09-23T12:12:54+00:00
Sunbasket,sunbasket.com,$90 off across 4 boxes * Activate Offer Menu How It Works Valu es,$90 off,Across 4 boxes,,,,Not stated on the official page,https://sunbasket.com/,https://sunbasket.com/,active,2026-09-23T12:13:03+00:00
Purple Carrot,purplecarrot.com,Order Now And Save Big | Get $100 Off Your First Month —> Shop Why Plants Gifts Log In Our Product FAQs Contact Us Log In The easies,$100 Off,,,,,Not stated on the official page,https://www.purplecarrot.com/,https://www.purplecarrot.com/,active,2026-09-23T12:13:11+00:00
ButcherBox,butcherbox.com,40% Off,40% Off,,,,,Not stated on the official page,https://www.butcherbox.com/,https://www.butcherbox.com/,active,2026-09-23T12:13:14+00:00
ButcherBox,butcherbox.com,20% Off,20% Off,,,,,Not stated on the official page,https://www.butcherbox.com/,https://www.butcherbox.com/,active,2026-09-23T12:13:14+00:00
ButcherBox,butcherbox.com,15% Off,15% Off,,,,,Not stated on the official page,https://www.butcherbox.com/,https://www.butcherbox.com/,active,2026-09-23T12:13:14+00:00
Trifecta,trifectanutrition.com,50% OFF YOUR FIRST ORDER + FREE MEAL PREP CHICKEN FOR A MONTH Email Get My Coupon,50% OFF + FREE MEAL PREP CHICKEN FOR A MONTH Email Get My Coupon,YOUR FIRST ORDER,,,,Not stated on the official page,https://www.trifectanutrition.com/,https://www.trifectanutrition.com/,active,2026-09-23T12:13:35+00:00
Epicured,epicured.com,Use code FALL40 for 40% OFF + Free Shipping* on your first subscription order,40% OFF + Free Shipping,Subscription order,FALL40,yes,,Not stated on the official page,https://epicured.com/,https://epicured.com/,active,2026-09-23T12:13:39+00:00
MamaSezz,mamasezz.com,10% off your first order,10% off,Your first order,,,,Not stated on the official page,https://www.mamasezz.com/,https://www.mamasezz.com/,active,2026-09-23T12:13:44+00:00
Icon Meals,iconmeals.com,15% off,15% off,"Military / First Responder, first responder and military family",,,,Not stated on the official page,https://iconmeals.com/pages/hero,https://iconmeals.com/pages/hero,active,2026-09-23T12:13:47+00:00
Crowd Cow,crowdcow.com,Free favorites in every order,Free favorites in every order,For life,,,,Not stated on the official page,https://www.crowdcow.com/,https://www.crowdcow.com/,active,2026-09-23T12:13:52+00:00
Prep Dish,prepdish.com,Free 7-day trial,Free 7-day trial,,,,,Not stated on the official page,https://prepdish.com/,https://prepdish.com/,active,2026-09-23T12:13:56+00:00
Chefs Plate,chefsplate.com,Get Up to 20 Free Meals + Free Shipping + $1 menu,20 Free Meals + Free Shipping,,,,,Not stated on the official page,https://www.chefsplate.com/,https://www.chefsplate.com/,active,2026-09-23T12:13:59+00:00
HelloFresh Canada,hellofresh.ca,Up To 20 Free Meals + Free Sides for Life,20 Free Meals,For Life,,,,Not stated on the official page,https://www.hellofresh.ca/,https://www.hellofresh.ca/,active,2026-09-23T12:14:04+00:00
HelloFresh Canada,hellofresh.ca,"One free item per box while subscription is active, items may vary","One free item per box while subscription is active, items may vary","Subscription is active, items may vary, for Life",,,,Not stated on the official page,https://www.hellofresh.ca/,https://www.hellofresh.ca/,active,2026-09-23T12:14:04+00:00
The Good Kitchen,thegoodkitchen.com,Get 20% off your first order,20% off,"Your first order, your first week",,,,Not stated on the official page,https://www.thegoodkitchen.com/,https://www.thegoodkitchen.com/,active,2026-09-23T12:14:07+00:00
Provenance Meals,provenancemeals.com,"Exclusive benefits include 10% off your first order of prepared meals, access to special events and flash sales, h",10% off,Your first order,,,,Not stated on the official page,https://www.provenancemeals.com/,https://www.provenancemeals.com/,active,2026-09-23T12:14:10+00:00
Silver Cuisine,silvercuisine.com,AARP Discount First Order: • 25% Off & Free Shipping on O rders $99+ Recurring Orders: • 10,25% Off + Free Shipping,First Order,,,,Not stated on the official page,https://www.bistromd.com/pages/silver-transition/,https://www.bistromd.com/pages/silver-transition/,active,2026-09-23T12:14:13+00:00
Silver Cuisine,silvercuisine.com,Off & Free Shipping on Orders $99+ First Order: • 50% Off & Free,Free Shipping + 50% Off,First Order,,,,Not stated on the official page,https://www.bistromd.com/pages/silver-transition/,https://www.bistromd.com/pages/silver-transition/,active,2026-09-23T12:14:13+00:00
Silver Cuisine,silvercuisine.com,10% Off,10% Off,,,,,Not stated on the official page,https://www.bistromd.com/pages/silver-transition/,https://www.bistromd.com/pages/silver-transition/,active,2026-09-23T12:14:13+00:00
Nurture Life,nurturelife.com,$15 off your entire order: - 6 Meal Plan - 10 Meal Plan = $5 off - 13 Meal Plan = $10 off - 16 Meal Plan = $15 off,$15 off + $5 off + $10 off,,,,,Not stated on the official page,https://www.nurturelife.com/,https://www.nurturelife.com/,active,2026-09-23T12:14:15+00:00
Nurture Life,nurturelife.com,6 Meal Plan - 10 Meal Plan = $5 off - 13 Meal Plan = $10 off - 16 Meal Plan = $15 off See Menu & Pricing How do,$5 off + $10 off + $15 off,,,,,Not stated on the official page,https://www.nurturelife.com/,https://www.nurturelife.com/,active,2026-09-23T12:14:15+00:00
Once Upon a Farm,onceuponafarmorganics.com,35% OFF,35% OFF,"Subscription box with FALL35 + 25% OFF second* Once, subscription box with FALL35 + 25% OFF second* 35% O",,,,Not stated on the official page,https://onceuponafarmorganics.com/,https://onceuponafarmorganics.com/,active,2026-09-23T12:14:19+00:00
Once Upon a Farm,onceuponafarmorganics.com,25% OFF,25% OFF,Subscription box with FALL35 + 25% OFF second* Once,,,,Not stated on the official page,https://onceuponafarmorganics.com/,https://onceuponafarmorganics.com/,active,2026-09-23T12:14:19+00:00
Once Upon a Farm,onceuponafarmorganics.com,Up to 26% off,Up to 26% off,,,,,Not stated on the official page,https://onceuponafarmorganics.com/,https://onceuponafarmorganics.com/,active,2026-09-23T12:14:19+00:00
Raw Generation,rawgeneration.com,SUBSCRIBE & SAVE 10% AND GET FREE SHIPPING,FREE SHIPPING,,,,,Not stated on the official page,https://www.rawgeneration.com/,https://www.rawgeneration.com/,active,2026-09-23T12:14:22+00:00
Kencko,kencko.com,START TODAY WITH 25% OFF + FREE SHIPPING + FREE BOTTLE 🎁 shop smoothies login Cart ★★★★★ 4,25% OFF + FREE SHIPPING,,,,,Not stated on the official page,https://www.kencko.com/,https://www.kencko.com/,active,2026-09-23T12:14:26+00:00
Kencko,kencko.com,00 20% off large box 40 smoothies • 4 weeks $2,20% off,,,,,Not stated on the official page,https://www.kencko.com/,https://www.kencko.com/,active,2026-09-23T12:14:26+00:00
Kencko,kencko.com,Save 20% · Free shipping · Pause or cancel anytime Best deal,Free shipping,,,,,Not stated on the official page,https://www.kencko.com/,https://www.kencko.com/,active,2026-09-23T12:14:26+00:00
Huel,huel.com,Huel Free shipping $65+ Subscribe and save 25% Student discount boost: 33% off HSA/FSA Eligible: Learn more,Free shipping + 33% off,,,,,Not stated on the official page,https://huel.com/,https://huel.com/,active,2026-09-23T12:14:29+00:00
Huel,huel.com,Want 15% Off and the Inside Scoop,15% Off,Your first order,,,,Not stated on the official page,https://huel.com/,https://huel.com/,active,2026-09-23T12:14:29+00:00
Shef,shef.com,40% off,40% off,YOUR FIRST WEEK,,,,Not stated on the official page,https://shef.com/,https://shef.com/,active,2026-09-23T12:14:35+00:00
Shef,shef.com,30% off,30% off,,,,,Not stated on the official page,https://shef.com/,https://shef.com/,active,2026-09-23T12:14:35+00:00
